{"main":"mule-statecontrol-sapi.raml","name":"mule-statecontrol-sapi","classifier":"raml","tags":[],"dependencies":[{"groupId":"76f5b765-b094-4992-9efb-e3584f19850e","assetId":"commonlibrary","version":"1.0.2"}],"groupId":"76f5b765-b094-4992-9efb-e3584f19850e","assetId":"mule-statecontrol-sapi","version":"1.0.0","apiVersion":"v1","originalFormatVersion":"1.0","metadata":{"projectId":"f53cd47d-6959-4c1c-8515-26186187ccf6","branchId":"master","commitId":"1ee4d059a22866e43fbf707d2b540d2e6d97c1ab"}}